{"acc": 0.9009011798389163, "loss": 0.09353478705114099, "_timestamp": 1708164587.0726786, "_runtime": 1.6060545444488525, "_step": 7, "_wandb": {"runtime": 0}}